id,title
1,Hot Tub Time Machine 2
2,The Princess Diaries 2: Royal Engagement
3,Whiplash
4,Kahaani
5,Marine Boy
6,Pinocchio and the Emperor of the Night
7,The Possession
8,Control Room
9,Muppet Treasure Island
10,A Mighty Wind
11,Rocky
12,Revenge of the Nerds II: Nerds in Paradise
13,American Beauty
14,Be Cool
15,Minority Report
16,Skinning
17,Red Eye
18,The Invisible Woman
19,Chalet Girl
20,Transporter 2
21,Lost in Space
22,Friday the 13th Part III
23,V/H/S
24,InSight
25,Black Sheep
26,Dr. Giggles
27,The Spanish Prisoner
28,What If
29,The Transformers: The Movie
30,Changing Lanes
31,The Intouchables
32,Caché
33,The Last Witch Hunter
34,ABCs of Death 2
35,Rush Hour 3
36,Safe
37,About Adam
38,Outbreak
39,Final: The Rapture
40,Major Dundee
41,Cocaine Cowboys
42,Cool Hand Luke
43,The Next Best Thing
44,5 Flights Up
45,The Wedding Date
46,The Double Hour
47,Ice Age: The Meltdown
48,The Hateful Eight
49,Wilson
50,Star Trek: Generations
51,"Moscow, Belgium"
52,The Great Race
53,The Last Flight of Noah's Ark
54,For Keeps
55,Risen
56,Son in Law
57,Queen to Play
58,Batman & Robin
59,Were The World Mine
60,All About the Benjamins
61,Casino Royale
62,Trapeze
63,Fallen
64,Friday the 13th Part VIII: Jason Takes Manhattan
65,Nebraska
66,Bloodsport
67,Henry's Crime
68,A Touch of Sin
69,To Kill a Mockingbird
70,The Fast and the Furious: Tokyo Drift
71,The Jacket
72,The Motorcycle Diaries
73,Cry-Baby
74,Czech Dream
75,Jackson County Jail
76,Fright Night
77,Kandukondain Kandukondain
78,Caddyshack
79,Sharky's Machine
80,31
81,Dark Blue
82,Shopgirl
83,The Skeleton Key
84,2010
85,Silent House
86,Congo
87,Kramer vs. Kramer
88,Rumble in the Bronx
89,The Zookeeper's Wife
90,Sommersby
91,Kill Bill: Vol. 1
92,His Secret Life
93,The Horseman on the Roof
94,Hunger
95,Mulholland Drive
96,And Here's What's Happening to Me
97,Sleepless Night
98,Target
99,"Tad, the Lost Explorer"
100,Colors
101,Dark Angel
102,A Beautiful Mind
103,Going by the Book
104,Won't Back Down
105,Recep İvedik 4
106,Belle
107,Extraordinary Measures
108,Braveheart
109,An Ideal Husband
110,Hawaii
111,Bandits
112,Little Black Book
113,In the Heart of the Sea
114,Biloxi Blues
115,The Lord of the Rings: The Fellowship of the Ring
116,Undercover Brother
117,Back to 1942
118,Wild Hogs
119,Boxing Helena
120,Mr. Nice Guy
121,Rush Hour 2
122,Tarzan
123,Loose Cannons
124,Romeo Must Die
125,(500) Days of Summer
126,The Children of Huang Shi
127,Corvette Summer
128,The Gift
129,The Fog
130,Get on the Bus
131,Alan Partridge: Alpha Papa
132,The Good Doctor
133,The Endurance: Shackleton's Legendary Antarctic Expedition
134,Due Date
135,"Run, Fatboy, Run"
136,Ten Canoes
137,Cowgirls n' Angels
138,PCU
139,Frozen
140,X2
141,Star!
142,Girl with a Pearl Earring
143,The Bronze
144,The Informers
145,Wait Until Dark
146,Frank & Lola
147,Police Academy 5: Assignment Miami Beach
148,Snowpiercer
149,Beethoven
150,Dark Tide
151,Windwalker
152,Holy Hell
153,Paperhouse
154,The Boy Next Door
155,Vigilante
156,Return to Never Land
157,Shadowboxing
158,American Cyborg: Steel Warrior
159,Get Carter
160,The Quick and the Dead
161,Winter Passing
162,Casual Sex?
163,Your Sister's Sister
164,Rushmore
165,The Reaping
166,Ghosts Can't Do It
167,Koyaanisqatsi
168,The Exorcism of Emily Rose
169,The Return of the Pink Panther
170,Mad Max 2: The Road Warrior
171,Police Academy 2: Their First Assignment
172,House of Games
173,Harper
174,Return to the Blue Lagoon
175,A Few Best Men
176,The Fast and the Furious
177,Supernova
178,Boys Life 2
179,First Blood
180,Licence to Kill
181,Pride and Glory
182,The Magdalene Sisters
183,Only the Lonely
184,13 Assassins
185,Click
186,Love's Deadly Triangle: The Texas Cadet Murder
187,Trailer Park Boys: The Movie
188,West of Zanzibar
189,WALL·E
190,The Single Moms Club
191,Hellraiser: Bloodline
192,What to Expect When You're Expecting
193,Absolutely Fabulous: The Movie
194,Revenge of the Ninja
195,Life During Wartime
196,The Song of Sparrows
197,Cameron's Closet
198,The Sentinel
199,Ready to Rumble
200,The Drop
201,Charlotte's Web
202,Earth Girls Are Easy
203,Free Birds
204,The Simpsons Movie
205,Once Bitten
206,Captive
207,One False Move
208,Mighty Morphin Power Rangers: The Movie
209,Brainscan
210,Hidalgo
211,An American Werewolf in Paris
212,Jaws
213,Father Hood
214,Rowdy Rathore
215,The Iceman
216,Identity Thief
217,Stand by Me Doraemon
218,Stripes
219,Sällskapsresan - eller finns det svenskt kaffe på grisfesten?
220,Riding Giants
221,City of Life and Death
222,Love Potion No. 9
223,Meet Monica Velour
224,Basic Instinct
225,Gary Gulman: It's About Time
226,Ned Kelly
227,Drive Angry
228,An Education
229,The Wild Bunch
230,Jefferson in Paris
231,Around the World in 80 Days
232,Ruby in Paradise
233,Le Week-End
234,Sweetgrass
235,The Lost City of Z
236,The Last Mimzy
237,Bordello of Blood
238,The National Shotgun
239,Ghost
240,Drumline
241,Gang Related
242,Legends of Oz: Dorothy's Return
243,Summer Wars
244,Home for the Holidays
245,Love at First Bite
246,Sex Drive
247,The Mask
248,Downfall
249,Swordfish
250,Death on the Nile
251,Would I Lie to You? 2
252,Cutthroat Island
253,Club Dread
254,Delhi Dance
255,Voracious
256,Bad Words
257,Everest
258,Love Me Tender
259,Ghost in the Shell
260,The Terrorist
261,Rocket Gibraltar
262,RV
263,Norwegian Wood
264,Cherry 2000
265,Undertow
266,25th Hour
267,Into the Wild
268,Clerks
269,Stormbreaker
270,Glass: A Portrait of Philip in Twelve Parts
271,Diary of a Wimpy Kid: Rodrick Rules
272,Talladega Nights: The Ballad of Ricky Bobby
273,Marked for Death
274,Marmaduke
275,You've Got Mail
276,We Steal Secrets: The Story of WikiLeaks
277,Arundhati
278,Six Days Seven Nights
279,Goat
280,Collateral
281,Bats
282,The Cabin in the Woods
283,Living Out Loud
284,Paris
285,End of Watch
286,Space Truckers
287,Split
288,Exit to Eden
289,Biker Boyz
290,Thumbelina
291,Four Weddings and a Funeral
292,The Lookout
293,Unbroken
294,Four Days in September
295,The Hunger Games: Mockingjay - Part 2
296,The Inhabited Island 2: Rebellion
297,Dragonfly
298,Cradle 2 the Grave
299,Scenes from a Mall
300,Highway to Hell
301,Tremors
302,I'm No Angel
303,Romance & Cigarettes
304,Guilty as Sin
305,Braddock: Missing in Action III
306,Gangs of New York
307,Where the Wild Things Are
308,Live by Night
309,Mr. 3000
310,Freaky Friday
311,Chloe
312,Laurence Anyways
313,The Cookout
314,Don's Plum
315,Cars 3
316,Changeling
317,The Pirates! In an Adventure with Scientists!
318,Elysium
319,Death Note
320,Witness
321,Defence of the Realm
322,Mirror Mirror
323,The Revenant
324,Payback
325,Nadine
326,Doctor Dolittle
327,The First Wives Club
328,Colombiana
329,Country Strong
330,Happy Feet
331,Paradise
332,Bodyguards and Assassins
333,Meet Bill
334,Twelve O'Clock High
335,Saamy
336,Million Dollar Arm
337,Now You See Me
338,Ghost
339,Goal!: The Dream Begins
340,The Molly Maguires
341,What We Did on Our Holiday
342,Kiss the Girls
343,The Mostly Unfabulous Social Life of Ethan Green
344,Attack Force Z
345,Jack Ryan: Shadow Recruit
346,Arthur 2: On the Rocks
347,Collateral Beauty
348,The Wind in the Willows
349,Nausicaä of the Valley of the Wind
350,Born into Brothels
351,Deepwater Horizon
352,Diamonds Are Forever
353,The Wild Life
354,The Wash
355,Punisher: War Zone
356,Chasing Trane
357,Sahara
358,The Lion King
359,Soldier
360,The Lovely Bones
361,The Eagle Huntress
362,Singam
363,The Dawns Here Are Quiet
364,Rust and Bone
365,The Insider
366,Primer
367,Heaven is for Real
368,Asterix & Obelix Take on Caesar
369,Maggie's Plan
370,The Lazarus Effect
371,High Hopes
372,Thank You
373,Behind Enemy Lines
374,After Hours
375,Kingdom of the Spiders
376,Outland
377,The Rugrats Movie
378,Miller's Crossing
379,Valiant
380,Born to Be Blue
381,Blood Diamond
382,Two Brothers
383,Red Rock West
384,Anna Karenina
385,Any Given Sunday
386,Mr. Bean's Holiday
387,The Dry Land
388,At Play in the Fields of the Lord
389,Setup
390,Anger Management
391,The Worst Christmas of My Life
392,The Spacewalker
393,Moka
394,Jingle All the Way
395,The Cannonball Run
396,The Great Buck Howard
397,Kevin Hart: Let Me Explain
398,Communion
399,The Last of the Mohicans
400,Serial Mom
401,Must Love Dogs
402,The Legend of Bhagat Singh
403,Before I Disappear
404,The Package
405,DeepStar Six
406,I Know What You Did Last Summer
407,Cool World
408,U Turn
409,Bill & Ted's Excellent Adventure
410,This Boy’s Life
411,Aliens
412,Seabiscuit
413,Safe Haven
414,Happy Family
415,The Dictator
416,The General's Daughter
417,Departures
418,Cut and Run
419,Thirteen
420,"Dear Guest, When Will You Leave?"
421,Midnight in Paris
422,Poltergeist II: The Other Side
423,Black Dynamite
424,The Raven
425,How About You...
426,Holy Motors
427,Daddy Day Camp
428,Pagafantas
429,The Last Wave
430,The Prestige
431,Everybody Wants Some!!
432,The Butterfly Effect
433,The Weight of Water
434,The Mexican
435,The Astronaut Farmer
436,White Water Summer
437,The Better Angels
438,Johnny English
439,Bull Durham
440,Aquarius
441,300: Rise of an Empire
442,Remember
443,"Fast, Cheap & Out of Control"
444,The Mean Season
445,From the Land of the Moon
446,Tapeheads
447,Universal Soldier: Regeneration
448,Babe
449,Air Force One
450,A Sound of Thunder
451,Chasing Liberty
452,Exposed
453,The Song
454,Hellraiser III: Hell on Earth
455,Sweet Hearts Dance
456,Shrooms
457,Rebecca
458,Swoon
459,My Big Fat Greek Wedding 2
460,Desperado
461,The Assault
462,The Game Plan
463,Contact
464,Parenthood
465,Spaced Invaders
466,Suspect
467,Rocky III
468,Sydney White
469,Adore
470,"The Karate Kid, Part II"
471,"The Book of Mormon Movie, Volume 1: The Journey"
472,The Hangover
473,Sleeping with the Enemy
474,All The Queen's Men
475,Space Dogs
476,Morgana
477,Article 99
478,The Meddler
479,The Marine
480,Heart and Souls
481,Red Garters
482,Chandni Chowk To China
483,Riding in Cars with Boys
484,Stonewall
485,My Boyfriend's Back
486,The Conspirator
487,The Horse Whisperer
488,Nikitich and The Dragon
489,The Purge: Anarchy
490,Poison
491,Mary and Max
492,Lions for Lambs
493,Deadfall
494,St. Elmo's Fire
495,Stolen
496,Most Wanted
497,Phoenix Forgotten
498,Passenger 57
499,Lake of Fire
500,Hotel Transylvania 2
501,Army of Shadows
502,Elizabethtown
503,Good Kill
504,Clockers
505,Gunfight at the O.K. Corral
506,Special Forces
507,What Just Happened
508,U.S. Marshals
509,Pi
510,The Pyramid
511,On the Waterfront
512,A Dog's Purpose
513,From Prada to Nada
514,Timecop
515,High Strung
516,Stir of Echoes
517,Alaipayuthey
518,The Theory of Everything
519,Wonder Woman
520,The Master
521,Antitrust
522,Glen Campbell: I'll Be Me
523,Big Eyes
524,The Ten Commandments
525,Anniyan
526,A Lonely Place to Die
527,Monte Carlo
528,The Love Guru
529,Duplicity
530,Just My Luck
531,The Robe
532,Supersonic
533,SpaceCamp
534,Predators
535,December Boys
536,Miracle at St. Anna
537,Martin Lawrence Live: Runteldat
538,The Rock
539,Indiana Jones and the Last Crusade
540,The Greatest Movie Ever Sold
541,Pan
542,Dazed and Confused
543,I Still Know What You Did Last Summer
544,The Lord of the Rings: The Two Towers
545,Sweet Charity
546,Crossover
547,About Schmidt
548,Tales from the Darkside: The Movie
549,Ouija: Origin of Evil
550,49 Up
551,Phone Booth
552,Chappie
553,Gothika
554,Mad Dog and Glory
555,Metropolis
556,Scarface
557,Tracks
558,Baggage Claim
559,Eddie the Eagle
560,The Black Stallion
561,Look
562,Short Term 12
563,50 First Dates
564,Burnt
565,El pico 2
566,Bunny and the Bull
567,The Alamo
568,One for the Money
569,Unforgettable
570,The Manhattan Project
571,28 Days Later
572,House of 1000 Corpses
573,Edge of Darkness
574,Kissing Jessica Stein
575,Bridget Jones's Baby
576,Hamlet
577,Darkman
578,Sahara
579,People Like Us
580,Blood on the Moon
581,Haunted Honeymoon
582,"Men, Women & Children"
583,I'm Not There.
584,From Dusk Till Dawn
585,Housekeeping
586,Dangal
587,Katyar Kaljat Ghusali
588,Resident Evil: The Final Chapter
589,Macabre
590,Kundun
591,Trippin'
592,А поутру они проснулись
593,The Wrestler
594,Before Midnight
595,Tommy Boy
596,A Prince (almost) Charming
597,Creepshow
598,Little Miss Sunshine
599,Infamous
600,Snitch
601,Top Gun
602,The Perfect Guy
603,A Knight's Tale
604,10 Things I Hate About You
605,The Gauntlet
606,The Birth of a Nation
607,The Taking of Tiger Mountain
608,Page One: Inside the New York Times
609,The Tracey Fragments
610,The Swan Princess: Escape from Castle Mountain
611,The Monster Squad
612,The Handmaiden
613,The Machinist
614,Win a Date with Tad Hamilton!
615,The Guns of Navarone
616,Flashbacks of a Fool
617,El Estudiante
618,Dennis the Menace
619,Fast Times at Ridgemont High
620,Fanny & Alexander
621,Double Jeopardy
622,Innocent Voices
623,Denial
624,Last Action Hero
625,The Animal
626,Ben-Hur
627,Swing Kids
628,Fan
629,Bleed for This
630,Why Do Fools Fall In Love
631,Sideways
632,The Private Life of Sherlock Holmes
633,Double Impact
634,Fantastic Four
635,The Odd Couple
636,The NeverEnding Story
637,"Tarzan, the Ape Man"
638,Step Up 2: The Streets
639,Goodbye Pork Pie
640,Pollock
641,The Hurricane
642,The Book of Life
643,Coming to America
644,Woo
645,Ikiru
646,Animal Kingdom
647,Syriana
648,Barbarella
649,Going My Way
650,The Curse of the Were-Rabbit
651,Sense and Sensibility
652,Lone Wolf McQuade
653,Orphans
654,Cure
655,Timecrimes
656,Don Juan DeMarco
657,Reality Bites
658,Real Genius
659,Enter the Void
660,Iron Sky
661,V for Vendetta
662,Love Is All You Need
663,Whip It
664,Chernobyl Diaries
665,My Summer Story
666,Elektra Luxx
667,The Hobbit: The Desolation of Smaug
668,Jimi: All Is by My Side
669,Shadow Dancer
670,Father of the Bride Part II
671,Birdman of Alcatraz
672,Anjaana Anjaani
673,Veronica Mars
674,Red Dawn
675,Stealth
676,The Powerpuff Girls Movie
677,Kick-Ass 2
678,Without Limits
679,A Little Bit of Heaven
680,To Catch a Thief
681,The Day After Tomorrow
682,Big Trouble in Little China
683,Malice
684,Paul Blart: Mall Cop
685,Beauty and the Beast
686,Bad Day at Black Rock
687,War Dogs
688,Repossessed
689,The Devil's Violinist
690,Star Wars: Episode III - Revenge of the Sith
691,The Grass Is Greener
692,The Order
693,Sweet Home Alabama
694,Kill the Messenger
695,The Hunger
696,Tere Naam
697,Mr. Baseball
698,Life of Crime
699,Beasts of No Nation
700,Ride Along 2
701,Little Shop of Horrors
702,The Visit
703,American Pie
704,Beyond the Mat
705,The Good Shepherd
706,Rear Window
707,The Buddy Holly Story
708,The Pretty One
709,The Expendables 3
710,Elmer Gantry
711,Hysteria
712,Mrs. Soffel
713,Eight Below
714,The Great Raid
715,The Rose
716,Fair Game
717,CB4
718,City of Joy
719,FernGully: The Last Rainforest
720,[REC]⁴ Apocalypse
721,A Better Tomorrow
722,The Mudge Boy
723,High Spirits
724,Money for Nothing
725,The Twilight Saga: New Moon
726,Run All Night
727,Barbara
728,Knocked Up
729,Rough Cut
730,Rio 2
731,The Double Life of Veronique
732,Guess Who's Coming to Dinner
733,"The Adventures of Priscilla, Queen of the Desert"
734,Sympathy for Mr. Vengeance
735,Zootopia
736,Honey I Blew Up the Kid
737,Quo Vadis
738,Permanent Record
739,Snowden
740,Sin City
741,Blind Fury
742,And You Thought Your Parents Were Weird!
743,Four Lions
744,Furry Vengeance
745,48 Hrs.
746,The Diving Bell and the Butterfly
747,The Signal
748,We Are Your Friends
749,Cirque du Soleil: Worlds Away
750,Never Been Kissed
751,Fever Pitch
752,Rambo
753,Lenny Bruce: Swear to Tell the Truth
754,The Blue Lagoon
755,The Virgin Suicides
756,American Pop
757,Crime Story
758,Four Christmases
759,Lolo
760,In the Valley of Elah
761,Thank You for Smoking
762,Walk of Shame
763,The Lives of Others
764,World War Z
765,Scandal
766,Point Break
767,Big Miracle
768,Superbad
769,Love Is Strange
770,Red Scorpion
771,Free State of Jones
772,Kaminey
773,Inventing the Abbotts
774,Live Nude Girls Unite!
775,13
776,Born to Be Wild
777,Australia
778,The Great Wall
779,Nocturnal Animals
780,"Definitely, Maybe"
781,Table 19
782,I Saw the Light
783,Back to the Future Part II
784,Prelude to a Kiss
785,Undercover Blues
786,"Bodies, Rest & Motion"
787,A Cinderella Story
788,Battle in Heaven
789,Meru
790,The Flowers of War
791,Vanishing Point
792,The Little Mermaid
793,"Dude, Where’s My Car?"
794,Extreme Ops
795,The Fighter
796,Child's Play 3
797,Welcome to Dongmakgol
798,Ashby
799,From Within
800,The A-Team
801,The Gift
802,Love & Friendship
803,The Extra Man
804,Robin Hood
805,The Jungle Book 2
806,Red Lights
807,Super Troopers
808,Once Upon a Time in Anatolia
809,A Field in England
810,Inferno
811,Notting Hill
812,American Flyers
813,Rush Hour
814,Flicka
815,Escape from L.A.
816,A History of Violence
817,Happy Gilmore
818,The Legend of Boggy Creek
819,Alvin and the Chipmunks: The Road Chip
820,Sidewalks of New York
821,The Sacrament
822,Swing Time
823,Shall We Dance?
824,Premature Burial
825,Home on the Range
826,Before Sunset
827,The Grandmaster
828,Monkey King: Hero Is Back
829,Gigli
830,Peter and Vandy
831,A Star Is Born
832,Two Lovers
833,Batman Begins
834,Taxi 3
835,Larry Crowne
836,The Fourth War
837,Just Wright
838,Mad Max: Fury Road
839,Hollywoodland
840,Bad Dreams
841,Neerja
842,Material Girls
843,Me Myself I
844,Khumba
845,Dracula
846,The Godfather: Part III
847,Gold
848,One Night Stand
849,Raanjhanaa
850,Modern Times
851,The Last King of Scotland
852,Big Bully
853,The Secret Scripture
854,Gung Ho
855,FC Venus
856,More Than a Game
857,Sylvia
858,Ice Age
859,The Lazarus Project
860,Dead Ringers
861,Out Cold
862,Evil Dead
863,"Hey, Boo: Harper Lee & To Kill a Mockingbird"
864,He Named Me Malala
865,Wassup Rockers
866,Goya's Ghosts
867,Never on Sunday
868,Close My Eyes
869,Cinderella Man
870,Tristan & Isolde
871,Battle for Terra
872,Rabbit Without Ears 2
873,Illegal Tender
874,The Scarlet Letter
875,Mama
876,Breakdown
877,White Nights
878,Dream House
879,Major League: Back to the Minors
880,21 & Over
881,Coriolanus
882,Alice in Wonderland
883,Ghost Rider: Spirit of Vengeance
884,The Grey
885,Ivan Tsarevich & the Grey Wolf 2
886,Revenge of the Pink Panther
887,Thy Womb
888,Milk
889,My Big Fat Greek Wedding
890,Long Time Dead
891,Dead Bang
892,Howard the Duck
893,Buck
894,Brokedown Palace
895,Don't Say a Word
896,Gray Lady Down
897,Step Up
898,Ladyhawke
899,Everyone's Hero
900,Sivaji: The Boss
901,The Cold Light of Day
902,The Missing Picture
903,Indiana Jones and the Kingdom of the Crystal Skull
904,Tank
905,Fun with Dick and Jane
906,When Harry Met Sally...
907,The Dark Knight Rises
908,Out of Africa
909,Truth
910,The Bay
911,Moebius
912,In the Forests of Siberia
913,Man of Tai Chi
914,Absolute Power
915,Anthropoid
916,Rurouni Kenshin
917,Go
918,Cabin Boy
919,O Kadhal Kanmani
920,North Shore
921,Hello Mary Lou: Prom Night II
922,Halloween 5: The Revenge of Michael Myers
923,A Goofy Movie
924,The Indian Runner
925,¿Quién mató a Bambi?
926,Better Living Through Chemistry
927,8MM
928,Jack the Giant Slayer
929,Hammer of the Gods
930,Time Bandits
931,Agent Cody Banks
932,3 Braves
933,Demolition Man
934,Cowboys & Aliens
935,John Wick: Chapter 2
936,Hot Pursuit
937,Papanasam
938,Ip Man: The Final Fight
939,Best Man Down
940,Mata Hari
941,Akeelah and the Bee
942,Maleficent
943,Locke
944,Pokémon 4Ever: Celebi - Voice of the Forest
945,Tidal Wave
946,Welcome Home Roscoe Jenkins
947,The Tourist
948,Oleanna
949,Rambo: First Blood Part II
950,Wise Guys
951,Christopher Columbus: The Discovery
952,Flipper
953,Luv
954,To Rome with Love
955,A Bigger Splash
956,Crooked Arrows
957,The Wolfpack
958,The Card Player
959,"Crazy, Stupid, Love."
960,Batteries not Included
961,Fuck You Goethe 2
962,Harry Potter and the Half-Blood Prince
963,Bad Boys
964,The Monk
965,The Battle of Algiers
966,Vegas Vacation
967,Far from the Madding Crowd
968,Muriel's Wedding
969,The Happening
970,The Expendables
971,Heropanti
972,The Conjuring
973,All the President's Men
974,If I Stay
975,Tron
976,Alpha and Omega
977,The Legend of Bagger Vance
978,La peggior settimana della mia vita
979,The Messenger: The Story of Joan of Arc
980,Russkies
981,The Haunting
982,The Broken Hearts Club: A Romantic Comedy
983,To Steal from a Thief
984,Flatliners
985,Parker
986,Crime After Crime
987,Dad
988,Hitchcock
989,Scent of a Woman
990,Marci X
991,Touching the Void
992,Difret
993,Top Hat
994,Starman
995,The Hard Way
996,Casshern
997,Shin Godzilla
998,Saw
999,Daddy Day Care
1000,Day for Night
1001,Drop Dead Fred
1002,The Salvation
1003,To Die For
1004,A Love Song for Bobby Long
1005,The Lunchbox
1006,The Bone Collector
1007,Zyzzyx Road
1008,Billy Gardell: Halftime
1009,Friday the 13th Part VI: Jason Lives
1010,Tombstone
1011,Trainwreck
1012,Pale Rider
1013,Pitch Perfect
1014,Rudy
1015,Texas Killing Fields
1016,Arrambam
1017,The Lake House
1018,Case 39
1019,Looper
1020,Max Steel
1021,The Living Sea
1022,Three Kings
1023,Pokémon the Movie: Kyurem vs. the Sword of Justice
1024,Breathless
1025,Life of Brian
1026,A Case of You
1027,The Road
1028,Star 80
1029,Paws
1030,Crimson Tide
1031,Beasts of the Southern Wild
1032,Waltz with Bashir
1033,Bad Education
1034,Romy and Michele's High School Reunion
1035,Romeo and Juliet
1036,When the Game Stands Tall
1037,Dracula: Prince of Darkness
1038,Miss Potter
1039,Teenage Mutant Ninja Turtles: Out of the Shadows
1040,My Awkward Sexual Adventure
1041,Black Gold
1042,The Pacifier
1043,National Treasure
1044,Salome's Last Dance
1045,Admiral
1046,Fatal Attraction
1047,Stepfather II: Make Room For Daddy
1048,United 93
1049,Clerks II
1050,Jack Reacher
1051,Mystery Men
1052,White Palace
1053,Mad City
1054,FBI: Frikis buscan incordiar
1055,Away We Go
1056,Meeting Evil
1057,Sleep Dealer
1058,Mr. Popper's Penguins
1059,Heathers
1060,The Living Daylights
1061,The Last Emperor
1062,Mischief
1063,Poor White Trash
1064,"The Chronicles of Narnia: The Lion, the Witch and the Wardrobe"
1065,Bitch Slap
1066,Ocean's Thirteen
1067,District B13
1068,Silver Streak
1069,From the Hip
1070,Central Station
1071,Flawless
1072,Shaolin Soccer
1073,Requiem for a Dream
1074,The Romantics
1075,What the #$*! Do We (K)now!?
1076,Dead Snow
1077,Breathe In
1078,Xanadu
1079,You're Next
1080,"Two Days, One Night"
1081,Jimmy Neutron: Boy Genius
1082,Lethal Weapon
1083,The Disappearance of Eleanor Rigby: Them
1084,Big Fat Liar
1085,The War Tapes
1086,Exterminators of the Year 3000
1087,Mr. North
1088,Jackass Number Two
1089,The Day of the Beast
1090,Love & Mercy
1091,Ex Machina
1092,Repentance
1093,Crazy About Ya
1094,The Godfather
1095,The Holiday
1096,GoldenEye
1097,Saving Grace
1098,Wolf Warrior
1099,How to Be Single
1100,Three Fugitives
1101,El robobo de la jojoya
1102,Crazy Love
1103,Music of the Heart
1104,Confessions of a Dangerous Mind
1105,Robinson Crusoe
1106,Facing Windows
1107,Mio in the Land of Faraway
1108,Hummingbird
1109,Seventh Son
1110,Child's Play
1111,Princess Caraboo
1112,An Officer and a Gentleman
1113,Snatched
1114,[REC]²
1115,Seeking Justice
1116,The Spy Who Loved Me
1117,Quest for Camelot
1118,Shallow Hal
1119,The American President
1120,Frankenweenie
1121,The Lost Boys
1122,Scoop
1123,Fletch
1124,The Host
1125,Ice Age: Collision Course
1126,Along Came a Spider
1127,The Avengers
1128,Virus
1129,The Evil Dead
1130,Airborne
1131,Smokey and the Bandit
1132,Toni Erdmann
1133,Constantine
1134,Boys Don't Cry
1135,An Eye for Beauty
1136,Highlander: The Final Dimension
1137,Pokémon: Arceus and the Jewel of Life
1138,Out of the Furnace
1139,The Getaway
1140,Upstream Color
1141,Life Is Beautiful
1142,The Day He Arrives
1143,The Blob
1144,Casablanca
1145,Zombeavers
1146,The Santa Clause 3: The Escape Clause
1147,Sleep with Me
1148,American Honey
1149,Mean Girls
1150,A Coffee in Berlin
1151,Lolita
1152,Transformers
1153,A Bridge Too Far
1154,Hallam Foe
1155,Krull
1156,Beginners
1157,Murderball
1158,A Company Man
1159,Percy Jackson: Sea of Monsters
1160,Source Code
1161,Find Me Guilty
1162,Sunrise: A Song of Two Humans
1163,High Anxiety
1164,The Nutcracker
1165,The Three Musketeers
1166,Assembly
1167,Niagara
1168,When the Bough Breaks
1169,Local Color
1170,Peter Pan
1171,Falling in Love
1172,The Three Stooges
1173,Fading Gigolo
1174,The Nightmare
1175,Dorian Gray
1176,In the Loop
1177,Before the Devil Knows You're Dead
1178,The Manchurian Candidate
1179,Cold Turkey
1180,Summer Rental
1181,Precious Cargo
1182,Jumper
1183,The Fifth Element
1184,Bel Ami
1185,The Fault in Our Stars
1186,"Faraway, So Close!"
1187,Candy Razors
1188,The Bride Wore Black
1189,The Pirate Bay: Away From Keyboard
1190,The Gorgeous Hussy
1191,He-Man and She-Ra: The Secret of the Sword
1192,The World's End
1193,Wag the Dog
1194,Swept Away
1195,The Breed
1196,Green Zone
1197,Elizabeth
1198,Atlas Shrugged Part III: Who is John Galt?
1199,Every Which Way But Loose
1200,Tiny Furniture
1201,Detective Dee and the Mystery of the Phantom Flame
1202,The Counselor
1203,Bairavaa
1204,U-571
1205,Summer School
1206,Escape from New York
1207,Melissa P.
1208,Jaws: The Revenge
1209,Dirty Dancing
1210,Snatch
1211,The Change-Up
1212,Carlos
1213,Lone Star
1214,Comedian
1215,Happythankyoumoreplease
1216,Our Kind of Traitor
1217,Extremities
1218,Meet the Parents
1219,The Last Circus
1220,"War, Inc."
1221,Keanu
1222,Paradise Alley
1223,Cars 2
1224,Vampires Suck
1225,Power Rangers
1226,Dr. Cabbie
1227,Shark Night
1228,Legend of the Lost
1229,Death Sentence
1230,The Sorcerer's Apprentice
1231,Paranormal Activity
1232,The 40 Year Old Virgin
1233,The Stone Angel
1234,Punchline
1235,Walk the Line
1236,Last Night
1237,Runaway Jury
1238,Curse of the Pink Panther
1239,Cabin Fever
1240,The Sessions
1241,Khiladi 786
1242,The Color of Money
1243,Clockstoppers
1244,Gravity
1245,The Transporter
1246,The Charge of the Light Brigade
1247,Carol
1248,[REC]
1249,Jarhead
1250,The Chronicles of Narnia: Prince Caspian
1251,Made
1252,Look Who's Talking
1253,Murder in the First
1254,Keys to Tulsa
1255,Illegal
1256,"Cry, Onion!"
1257,A Man Apart
1258,Night Game
1259,Folks!
1260,Killing Zoe
1261,Take Shelter
1262,In the House
1263,Philadelphia Experiment II
1264,Atlas Shrugged Part I
1265,The Soloist
1266,"Like Sunday, Like Rain"
1267,Pokémon: Spell of the Unknown
1268,Ca$h
1269,Can't Hardly Wait
1270,For Me and My Gal
1271,John Carter
1272,Vulgar
1273,Mary Poppins
1274,Crazy/Beautiful
1275,The Bounty
1276,The Hills Have Eyes
1277,The Red Baron
1278,Happy New Year
1279,Shocker
1280,Queen of Spades: The Dark Rite
1281,In This Corner of the World
1282,Death at a Funeral
1283,Topaz
1284,The Face of Love
1285,Like Water for Chocolate
1286,Gremlins 2: The New Batch
1287,Sudden Impact
1288,Grand Hotel
1289,Battle for the Planet of the Apes
1290,Creature from the Black Lagoon
1291,Club Paradise
1292,A Passage to India
1293,Deep Rising
1294,Vantage Point
1295,The Wiz
1296,Jaws 3-D
1297,Dracula 2000
1298,"Car 54, Where Are You?"
1299,Phantoms
1300,Match
1301,Warm Bodies
1302,Sleepwalking
1303,Heaven's Gate
1304,Mr. Smith Goes to Washington
1305,The Red Turtle
1306,RockNRolla
1307,Kiss of the Dragon
1308,Terri
1309,The Cat's Meow
1310,Gone Girl
1311,Every Day
1312,A Man for All Seasons
1313,Identity
1314,Beauty and the Beast
1315,Incarnate
1316,The Elephant Man
1317,Friday the 13th: A New Beginning
1318,The Guide
1319,Used Cars
1320,Idiocracy
1321,San Andreas
1322,Blade: Trinity
1323,Paranoid Park
1324,Squanto: A Warrior's Tale
1325,Everybody Dies But Me
1326,Eden Lake
1327,Little Manhattan
1328,The Eagle
1329,Daddy's Dyin'... Who's Got the Will?
1330,Madame Bovary
1331,Shoot the Moon
1332,Wadjda
1333,Transformers: Revenge of the Fallen
1334,One Bright Shining Moment
1335,The Green Hornet
1336,Королёв
1337,Rooster Cogburn
1338,But I'm a Cheerleader
1339,The Secret of Moonacre
1340,The Spy
1341,Ghost Ship
1342,The Vow
1343,A War
1344,Action Jackson
1345,The Locusts
1346,Lone Survivor
1347,East of Eden
1348,Zookeeper
1349,Orca: The Killer Whale
1350,Anonymous
1351,The Comedians
1352,Pulse
1353,Turbulence
1354,Love & Other Drugs
1355,2:22
1356,Memoirs of a Geisha
1357,Lost in the Sun
1358,The Satanic Rites of Dracula
1359,Stir Crazy
1360,Empire State
1361,American Warships
1362,Battleship Potemkin
1363,Hannah Montana: The Movie
1364,All Night Long
1365,Cell 211
1366,The Canyons
1367,Tracers
1368,The Trouble with Harry
1369,3 Strikes
1370,War of the Arrows
1371,The Women
1372,Thumbsucker
1373,Django
1374,Stolen
1375,Marvin's Room
1376,Never Back Down
1377,Lady Macbeth
1378,The Princess Diaries
1379,Running with Scissors
1380,The Edge of Heaven
1381,Visaranai
1382,Some Like It Hot
1383,The Disappearance of Alice Creed
1384,Dante's Peak
1385,Bringing Down the House
1386,The Beaver
1387,All the King's Men
1388,Paranormal Activity 3
1389,Sacco and Vanzetti
1390,Sleepers
1391,Frequency
1392,The Broken Circle Breakdown
1393,Wreck-It Ralph
1394,Planes: Fire & Rescue
1395,Tomorrowland
1396,Sympathy for Lady Vengeance
1397,Surf's Up
1398,Lolita
1399,The Fan
1400,The Nice Guys
1401,Trolls
1402,Miss Congeniality
1403,The Man Who Knew Infinity
1404,The Sisterhood of the Traveling Pants 2
1405,Woman Thou Art Loosed
1406,The Family
1407,Elections Day 2
1408,The Prince of Egypt
1409,Corky Romano
1410,The Beauty Inside
1411,Miss Sloane
1412,The Call
1413,10 Cloverfield Lane
1414,Proof
1415,Sweet November
1416,Polisse
1417,The Babe
1418,In the Line of Fire
1419,Private Lessons
1420,Videocracy
1421,Night Of The Living Dead 3D
1422,Tomorrow
1423,The Physician
1424,I Don't Know How She Does It
1425,D.A.R.Y.L.
1426,Superman Returns
1427,Shaft
1428,Parental Guidance
1429,Priest
1430,The Other Woman
1431,Russian Dolls
1432,Moon
1433,The Ugly Truth
1434,My Left Foot: The Story of Christy Brown
1435,Behind the Burly Q
1436,The Water Diviner
1437,Moscow Heat
1438,Heartbeats
1439,Class of 1999
1440,Final Destination 2
1441,Psycho III
1442,Batman: The Killing Joke
1443,Song to Song
1444,Missing in Action 2: The Beginning
1445,Jane Eyre
1446,And So It Goes
1447,Clean and Sober
1448,Myra Breckinridge
1449,Rabbit Hole
1450,Sleepwalkers
1451,State of Play
1452,The Death and Life of Bobby Z
1453,Scarface
1454,Under Electric Clouds
1455,Rent
1456,Mannequin Two: On the Move
1457,A Patch of Blue
1458,I Am Ali
1459,Mambo Italiano
1460,Troll Hunter
1461,The Aviator
1462,The Last Supper
1463,It's Kind of a Funny Story
1464,Hard Candy
1465,The Irony of Fate. The Sequel
1466,Night Watch
1467,Hansel & Gretel: Witch Hunters
1468,Predator 2
1469,"The Beast from 20,000 Fathoms"
1470,The Year of Living Dangerously
1471,Alesha Popovich and Tugarin the Dragon
1472,Butch Cassidy and the Sundance Kid
1473,Free Willy
1474,Annabelle
1475,The Crying Game
1476,Raising Cain
1477,Lars and the Real Girl
1478,Percy Jackson & the Olympians: The Lightning Thief
1479,Dylan Dog: Dead of Night
1480,A Band Called Death
1481,Sunset Boulevard
1482,Harold & Kumar Escape from Guantanamo Bay
1483,Snakes on a Plane
1484,The Wedding Ringer
1485,The Book Thief
1486,Happiness
1487,Stay Tuned
1488,Little Miss Marker
1489,Love and the City 2
1490,Some Girls
1491,Rescue Under Fire
1492,Piku
1493,No Strings Attached
1494,House of the Dead
1495,Bachelorette
1496,Shadow Conspiracy
1497,Battle: Los Angeles
1498,The Grudge 3
1499,Resident Evil: Retribution
1500,Stake Land
1501,Signs
1502,Glory
1503,Act of Valor
1504,Campus Man
1505,Being Elmo: A Puppeteer's Journey
1506,Pride and Prejudice and Zombies
1507,"Die, Mommie, Die!"
1508,O
1509,Rosewood
1510,Sleeping with Other People
1511,The Saint
1512,Toy Story
1513,Krampus
1514,Gun Shy
1515,Sinister 2
1516,Zodiac
1517,Up in the Air
1518,Children of the Corn
1519,American Dream
1520,A Street Cat Named Bob
1521,Things Are Tough All Over
1522,After Earth
1523,Petersburg: Only for Love
1524,Renaissance
1525,Pixels
1526,THX 1138
1527,High Crimes
1528,Leprechaun 2
1529,Yves Saint Laurent
1530,Sordid Lives
1531,Hard to Kill
1532,Gnomeo & Juliet
1533,One Day
1534,1969
1535,Free Style
1536,Latter Days
1537,Suffragette
1538,Planet Hulk
1539,The Awakening
1540,A Better Life
1541,True Story
1542,All at Once
1543,La vérité si je mens !
1544,Soapdish
1545,Elvis & Nixon
1546,Daybreakers
1547,The Reluctant Fundamentalist
1548,The Haunted Mansion
1549,Varalaru
1550,Jimmy Vestvood: Amerikan Hero
1551,How to Train Your Dragon 2
1552,"Bless Me, Ultima"
1553,A Perfect World
1554,Tyrannosaur
1555,Hercules
1556,Beerfest
1557,Bottle Rocket
1558,The Legend of Zorro
1559,The Frozen Ground
1560,Stone
1561,Fire and Ice
1562,The Serpent and the Rainbow
1563,"Like Father, Like Son"
1564,The Boondock Saints
1565,The Place Beyond the Pines
1566,The Big Short
1567,Picture Me
1568,Waitress
1569,Chill Factor
1570,Crocodile Dundee II
1571,Lady and the Tramp
1572,Made of Honor
1573,Ghajini
1574,Conversations with Other Women
1575,Lovesong
1576,Graveyard Shift
1577,Lost in Translation
1578,Breakout
1579,Kick-Ass
1580,Red Cliff Part II
1581,The African Queen
1582,"The Tulse Luper Suitcases, Part 1: The Moab Story"
1583,The King and I
1584,Hoosiers
1585,My Life in Ruins
1586,The Man
1587,Argo
1588,Highlander II: The Quickening
1589,Whiskey Tango Foxtrot
1590,The Hero
1591,Ain't Them Bodies Saints
1592,Arachnophobia
1593,The Lost Weekend
1594,Four Brothers
1595,Quarantine
1596,Coherence
1597,Billy Madison
1598,Not Another Teen Movie
1599,X-Men Origins: Wolverine
1600,Dreaming of Space
1601,The Big Bounce
1602,Dracula Untold
1603,Traces of Red
1604,12 Rounds
1605,10 to Midnight
1606,Human Capital
1607,Louder Than Bombs
1608,The Ottoman Lieutenant
1609,Alien³
1610,High Art
1611,Whatever It Takes
1612,Snake Eyes
1613,Cool Runnings
1614,The Life of David Gale
1615,House on Haunted Hill
1616,District 9
1617,The River
1618,The Assassination of Richard Nixon
1619,A Place Called Chiapas
1620,Finding Forrester
1621,First Knight
1622,Cabin in the Sky
1623,Jackpot
1624,Rififi
1625,Hercules
1626,Death Race
1627,Being Flynn
1628,High Road to China
1629,The French Connection
1630,Uninvited Guest
1631,Transformers: The Last Knight
1632,In Bruges
1633,Tri bogatyrya i Shamakhanskaya tsaritsa
1634,Pokémon: The Movie 2000
1635,Rocky II
1636,Body of Evidence
1637,Song for Marion
1638,Idle Hands
1639,L: Change the World
1640,K-9
1641,Bhaag Milkha Bhaag
1642,From Beyond
1643,Tomorrow Never Dies
1644,Maze Runner: The Scorch Trials
1645,Courageous
1646,The Portrait of a Lady
1647,Robin Hood: Men in Tights
1648,Drive
1649,Squeeze
1650,Everything is Illuminated
1651,All About Eve
1652,First Strike
1653,Your Friends & Neighbors
1654,Connie and Carla
1655,Code Name: Jackal
1656,Sorcerer
1657,Chennai Express
1658,About Last Night
1659,Kabluey
1660,Alone in the Dark
1661,North by Northwest
1662,Taps
1663,The Born Losers
1664,Legend
1665,Bedazzled
1666,Dead Poets Society
1667,Ed Wood
1668,The Third Man
1669,Hoop Dreams
1670,Aftershock
1671,Let Me In
1672,The Craft
1673,Skyline
1674,The Dark Knight
1675,Serendipity
1676,Johnny Handsome
1677,"Me, You, Them"
1678,The 33
1679,The Zero Theorem
1680,The Blair Witch Project
1681,Children of Heaven
1682,Waiting to Exhale
1683,Sugar & Spice
1684,The Slugger's Wife
1685,Easy on the Eyes
1686,The Jackal
1687,Red River
1688,Blue
1689,"I Love You, Man"
1690,A Gorgeous Girl Like Me
1691,The Dead Lands
1692,Fargo
1693,Under the Rainbow
1694,Doctor Who
1695,Raman Raghav 2.0
1696,Baby Driver
1697,La Femme Nikita
1698,Shining Through
1699,We Bought a Zoo
1700,Disturbia
1701,Lorenzo's Oil
1702,On the Way to School
1703,Cohen and Tate
1704,West Is West
1705,Red Riding Hood
1706,The Trip to Bountiful
1707,Rio Bravo
1708,A Guy Thing
1709,How Do You Know
1710,Kicking & Screaming
1711,Heartbreak Ridge
1712,Honeymoon
1713,Stay
1714,The Recruit
1715,It Came from Hollywood
1716,War for the Planet of the Apes
1717,Sin Nombre
1718,RoboCop
1719,Boris - Il film
1720,Barfi
1721,Cocoon
1722,Driven
1723,The Mechanic
1724,Fantastic Four
1725,Murder on the Orient Express
1726,"Legally Blonde 2: Red, White & Blonde"
1727,Out for Justice
1728,Extract
1729,Killer Joe
1730,Dil Se..
1731,Black Snow
1732,Hey Ram
1733,Grand Masti
1734,The Extraordinary Adventures of Adèle Blanc-Sec
1735,Back to the Future Part III
1736,Jurassic Park
1737,God's Not Dead 2
1738,It's All Gone Pete Tong
1739,The Distinguished Gentleman
1740,MouseHunt
1741,North Dallas Forty
1742,Down
1743,Mimic
1744,Super Mario Bros.
1745,The Judge
1746,The Terminator
1747,The Derby Stallion
1748,Glee: The Concert Movie
1749,Beer for My Horses
1750,Standing Tall
1751,The Wedding Banquet
1752,RRRrrrr!!!
1753,Baby's Day Out
1754,"Tuesday, After Christmas"
1755,Mute Witness
1756,Fishtales
1757,Line Walker
1758,Journey from the Fall
1759,Kicking and Screaming
1760,The Bourne Legacy
1761,Across to Singapore
1762,Furious 7
1763,Blazing Saddles
1764,The Kid
1765,The Bridge on the River Kwai
1766,Desert Flower
1767,Tum Bin
1768,Ski Patrol
1769,The Unborn
1770,Ultimate Avengers 2
1771,Three Wishes
1772,The Last Godfather
1773,Jumanji
1774,Cell
1775,From Hell
1776,Filth
1777,Forever Fever
1778,Naqoyqatsi
1779,Sabotage
1780,Groundhog Day
1781,Billy Elliot
1782,The Illusionist
1783,Personal Shopper
1784,Logan
1785,What's Eating Gilbert Grape
1786,Harvard Beats Yale 29-29
1787,Friends & Lovers
1788,First Snow
1789,Alien
1790,The Birds
1791,Nighthawks
1792,Ida
1793,Smoke
1794,Werckmeister Harmonies
1795,Win Win
1796,Youth
1797,Captain Phillips
1798,Dark Places
1799,Psycho II
1800,The Girl Who Played with Fire
1801,The Cherry Orchard
1802,Ringmaster
1803,A Lot Like Love
1804,Quiet City
1805,The Treasure of the Sierra Madre
1806,Air America
1807,Margaret
1808,Let the Right One In
1809,Bus 174
1810,Miami Vice
1811,Renoir
1812,Terminator 3: Rise of the Machines
1813,Remo Williams: The Adventure Begins...
1814,CJ7
1815,"Ryaba, My Chicken"
1816,Traffic
1817,Something from Nothing: The Art of Rap
1818,Cowboys & Angels
1819,Star Wars: Episode II - Attack of the Clones
1820,Sky. Plane. Girl.
1821,Boy Culture
1822,Cuban Rafters
1823,Sid & Nancy
1824,My Name Is Bruce
1825,The Fall of the Roman Empire
1826,Leatherface: Texas Chainsaw Massacre III
1827,Lionheart
1828,Always - Sunset on Third Street
1829,Murder by Numbers
1830,2 Days in Paris
1831,Runaway Bride
1832,The Best Movie 3-DE
1833,Last Tango in Paris
1834,Veteran
1835,Suture
1836,Phantasm II
1837,Righteous Kill
1838,Assault on Precinct 13
1839,Quantum of Solace
1840,What the Bleep! Down the Rabbit Hole
1841,Pompeii
1842,Post Grad
1843,Uncommon Valor
1844,The One and Only
1845,Undiscovered
1846,Kickboxer
1847,Winter in Wartime
1848,Man of the Year
1849,My Fair Lady
1850,Ayan
1851,Grandma's Boy
1852,Urban Legends: Final Cut
1853,Paid in Full
1854,Eddie Murphy Raw
1855,The Edge of Seventeen
1856,The Darjeeling Limited
1857,TRON: Legacy
1858,One Hundred Steps
1859,Initial D
1860,Katy Perry: Part of Me
1861,The Hand
1862,Captain America: The Winter Soldier
1863,Herbie Fully Loaded
1864,Unknown
1865,Scooby-Doo 2: Monsters Unleashed
1866,Nerve
1867,The Mummy
1868,The Guardian
1869,The Martian
1870,Airport
1871,A Rage in Harlem
1872,Ghostbusters II
1873,The Unbearable Lightness of Being
1874,Young Detective Dee: Rise of the Sea Dragon
1875,Missing
1876,Looney Tunes: Back in Action
1877,Party Monster
1878,This Is Where I Leave You
1879,Aloft
1880,American Hustle
1881,X-Men: The Last Stand
1882,Stella
1883,The Great Waldo Pepper
1884,Space Pirate Captain Harlock
1885,In the Cut
1886,Live Flesh
1887,The Artist
1888,Freeheld
1889,Show Boat
1890,Brideshead Revisited
1891,Apartment 18
1892,Gaby: A True Story
1893,All About Steve
1894,Pink Flamingos
1895,The Adventures of Mark Twain
1896,The Fly
1897,21
1898,"Good Night, and Good Luck."
1899,Flashback
1900,Deewane Huye Paagal
1901,"10,000 BC"
1902,Haiku Tunnel
1903,Get Smart
1904,Beyond
1905,Harry and the Hendersons
1906,A Kiss Before Dying
1907,The Double
1908,Tooth Fairy
1909,A View to a Kill
1910,Nightwatch
1911,The Golden Compass
1912,Circo
1913,Biutiful
1914,A Home at the End of the World
1915,Gods and Generals
1916,The Stroller Strategy
1917,Jackie Brown
1918,The Merry Widow
1919,African Cats
1920,Right at Your Door
1921,Project Almanac
1922,Paranormal Activity: The Marked Ones
1923,Cleopatra
1924,OPA!
1925,Sex and the City
1926,Monster in a Box
1927,For Your Eyes Only
1928,Enthiran
1929,Final Destination 3
1930,Third Person
1931,Eyes Wide Shut
1932,Something to Talk About
1933,The Odd Life of Timothy Green
1934,Evan Almighty
1935,The Flintstones in Viva Rock Vegas
1936,Blended
1937,Blues Brothers 2000
1938,Don't Tell Mom the Babysitter's Dead
1939,Appaloosa
1940,Missing in Action
1941,Virtuosity
1942,The Overnight
1943,Alone With Her
1944,The Whole Ten Yards
1945,Omen III: The Final Conflict
1946,The Ballad of Jack and Rose
1947,Frances Ha
1948,Mao's Last Dancer
1949,Malamaal Weekly
1950,Paris Can Wait
1951,Max Payne
1952,Sex and Lucia
1953,Jayne Mansfield's Car
1954,Dressed to Kill
1955,When a Man Loves a Woman
1956,A Few Good Men
1957,Five Graves to Cairo
1958,Rocky V
1959,Search and Destroy
1960,Bikini Spring Break
1961,The Cider House Rules
1962,Cropsey
1963,Glory Road
1964,Working Girl
1965,Waiting for Happiness
1966,Runaway Train
1967,Charlie Countryman
1968,The Cotton Club
1969,Safe House
1970,Drinking Buddies
1971,Big Game
1972,Thief of Hearts
1973,The Wolverine
1974,Videodrome
1975,Breaking Away
1976,Chapiteau-Show
1977,The Finest Hours
1978,Janky Promoters
1979,The Art of War
1980,Ip Man
1981,"Jeff, Who Lives at Home"
1982,The Program
1983,Superman II
1984,Priest
1985,Yes Man
1986,Aferim!
1987,The Karate Kid
1988,Kal Ho Naa Ho
1989,Married to the Mob
1990,Sarkar
1991,Halloween 4: The Return of Michael Myers
1992,Switchback
1993,Aadukalam
1994,Batman: Assault on Arkham
1995,Last Man Standing
1996,Spy
1997,13 Hours: The Secret Soldiers of Benghazi
1998,Picture Perfect
1999,Intolerable Cruelty
2000,Dark City
2001,The One and Only
2002,Kickboxer 2:  The Road Back
2003,Jeepers Creepers
2004,Species II
2005,The Invasion
2006,Empire
2007,Balto
2008,Queen Christina
2009,Cargo 200
2010,Antikiller
2011,Cheetah
2012,Star Trek V: The Final Frontier
2013,Scary Movie 2
2014,Left Luggage
2015,The Wolf of Wall Street
2016,The Bounty Hunter
2017,The Shawshank Redemption
2018,Promised Land
2019,Guardians of the Galaxy
2020,License to Wed
2021,Feast of Love
2022,"I, Daniel Blake"
2023,Man on a Ledge
2024,Coffee and Cigarettes
2025,Crank: High Voltage
2026,Look Who's Back
2027,American Ninja
2028,Happy Days
2029,Raging Bull
2030,Child's Play 2
2031,The Rocky Horror Picture Show
2032,Alexander's Ragtime Band
2033,A Farewell to Arms
2034,Alpha Dog
2035,Phenomenon
2036,King Kong
2037,Apollo 13
2038,Grandmaster
2039,Wall Street
2040,Possession
2041,The Visitor
2042,The Family Fang
2043,Resident Evil: Afterlife
2044,New in Town
2045,The Adventures of Tintin
2046,We Were Soldiers
2047,A Guy Named Joe
2048,Prom
2049,The Last Unicorn
2050,Anastasia
2051,The Warriors
2052,The Field
2053,Monster Hunt
2054,Twice Upon a Yesterday
2055,Cat People
2056,The Mist
2057,Wedding Crashers
2058,Body Shots
2059,The Smurfs 2
2060,The Fifth Estate
2061,Untraceable
2062,Scream 3
2063,The Bourne Supremacy
2064,Cedar Rapids
2065,Kung Fu Jungle
2066,The Interview
2067,Amores perros
2068,Fantastic Mr. Fox
2069,Godzilla 1985
2070,Man-Thing
2071,The Pink Panther
2072,Leviathan
2073,Testament of Youth
2074,The Black Dahlia
2075,I'm Staying
2076,No One Lives
2077,Mugabe and the White African
2078,Company Business
2079,Angel Heart
2080,Superbad
2081,Once Upon a Time in Mexico
2082,Major League
2083,Full Frontal
2084,A Man Who Was Superman
2085,The Hitcher
2086,The Mirror Crack'd
2087,The Three Burials of Melquiades Estrada
2088,Oculus
2089,3 Godfathers
2090,Exit Wounds
2091,Deadfall
2092,A Thousand Words
2093,Witchboard 2: The Devil's Doorway
2094,The Last Legion
2095,A Simple Life
2096,Beetle Queen Conquers Tokyo
2097,Hustler White
2098,Pirates of the Caribbean: The Curse of the Black Pearl
2099,Band of Outsiders
2100,Friday the 13th
2101,The Best Offer
2102,Snow Flower and the Secret Fan
2103,Don't Breathe
2104,Ace Ventura: Pet Detective
2105,Splendor
2106,Fido
2107,Stagecoach
2108,Battle in Seattle
2109,The Ring Two
2110,Mishima: A Life in Four Chapters
2111,Vinnaithaandi Varuvaayaa
2112,The World Is Not Enough
2113,The Man without a Face
2114,Logan's Run
2115,Killing Them Softly
2116,Eraser
2117,The Birdcage
2118,American Adobo
2119,Moonlight Mile
2120,Downtown
2121,Spartacus
2122,Olympus Has Fallen
2123,Time Out of Mind
2124,Broken Flowers
2125,Mike and Dave Need Wedding Dates
2126,Speed 2: Cruise Control
2127,Guardians of the Galaxy Vol. 2
2128,Cats & Dogs
2129,The Last Temptation of Christ
2130,The Future
2131,Scary Movie 5
2132,About a Boy
2133,Hitman
2134,The Warrior's Way
2135,Van Helsing
2136,Pirates of the Caribbean: On Stranger Tides
2137,Police Academy 6: City Under Siege
2138,Crossing Over
2139,Conquest of the Planet of the Apes
2140,Gangster Squad
2141,Catch a Fire
2142,Sicario
2143,The Magnificent Seven
2144,The Last Exorcism Part II
2145,The Final Cut
2146,License to Drive
2147,Ai Weiwei: Never Sorry
2148,Rosemary's Baby
2149,The Accidental Husband
2150,Big Momma's House 2
2151,Mechenosets
2152,The Pagemaster
2153,Reno 911!: Miami
2154,Supersonic Man
2155,Hitler's Kaput!
2156,Vampire in Brooklyn
2157,Dreamcatcher
2158,Stand by Me
2159,The Life Aquatic with Steve Zissou
2160,Bend It Like Beckham
2161,Regression
2162,Gremlins
2163,Higher Learning
2164,Texas Chainsaw Massacre: The Next Generation
2165,Joy
2166,The Loft
2167,Chain Reaction
2168,The Hangover Part III
2169,Mistress America
2170,House of Wax
2171,The Lobster
2172,Eye of the Dolphin
2173,Star Trek IV: The Voyage Home
2174,Welcome Mr. President!
2175,A Moment of Innocence
2176,Masters of the Universe
2177,The Spanish Apartment
2178,Crossroads
2179,21 Grams
2180,The Last Castle
2181,Mystic River
2182,Police Academy 3: Back in Training
2183,Hart's War
2184,Brain Donors
2185,Admission
2186,1492: Conquest of Paradise
2187,The Heart is Deceitful Above All Things
2188,The Limey
2189,Zero Effect
2190,The Silver Chalice
2191,The Women
2192,Charlie St. Cloud
2193,Ip Man 3
2194,Appleseed
2195,Money Monster
2196,The Deceivers
2197,Bloody Sunday
2198,The Train
2199,"Kidnapping, Caucasian Style"
2200,She's the Man
2201,Batman Returns
2202,Sweetwater
2203,Storks
2204,It Might Get Loud
2205,Cirque du Freak: The Vampire's Assistant
2206,Crash
2207,Simon Birch
2208,Total Recall
2209,Delta Force 2: The Colombian Connection
2210,Pirates of the Caribbean: At World's End
2211,The Valet
2212,Love Story
2213,Lockout
2214,All About My Mother
2215,Black Snake Moan
2216,Life As We Know It
2217,Anomalisa
2218,The Other Woman
2219,A Scanner Darkly
2220,Fish Tank
2221,Loose Cannons
2222,Bottle Shock
2223,The Deer Hunter
2224,She's All That
2225,Pather Panchali
2226,Gentleman's Agreement
2227,"20,000 Leagues Under the Sea"
2228,Fast & Furious
2229,Frida
2230,Out of Bounds
2231,The Valley of Decision
2232,The Midnight Meat Train
2233,Boys on the Side
2234,Cop Out
2235,Princess Kaiulani
2236,Birdy
2237,Senna
2238,Sankofa
2239,Stanley & Iris
2240,Dhoom 3
2241,I Spit on Your Grave
2242,Casino Royale
2243,Zero Dark Thirty
2244,Sea of Love
2245,Match Point
2246,The Girl Next Door
2247,Don't Think Twice
2248,Machete
2249,Resident Evil
2250,The Great Debaters
2251,A Royal Night Out
2252,Bodyguard
2253,The Amityville Horror
2254,City of Men
2255,Welcome to the Sticks
2256,Lost & Found
2257,Van Gogh
2258,Capote
2259,Judge Dredd
2260,Henry Poole Is Here
2261,Saint John of Las Vegas
2262,The Mighty Quinn
2263,Broken City
2264,One Small Hitch
2265,Twins
2266,Aasai
2267,What Women Want
2268,Madea Goes to Jail
2269,The Kite Runner
2270,American Pie 2
2271,Mean Streets
2272,Before the Fall
2273,The Girlfriend Experience
2274,The Player
2275,London Has Fallen
2276,My Blueberry Nights
2277,Dead Snow 2: Red vs. Dead
2278,My Life as a Zucchini
2279,The Adventures of Pluto Nash
2280,Daddy's Little Girls
2281,The Double
2282,My Giant
2283,Pee-wee's Big Adventure
2284,Nitro Circus: The Movie
2285,Tales from Earthsea
2286,Boy A
2287,Tower Heist
2288,Bombay Velvet
2289,The Duelist
2290,A Troll in Central Park
2291,Old School
2292,Steel
2293,The Miracle
2294,The Circle
2295,Under the Boardwalk
2296,The Amazing Truth About Queen Raquela
2297,The Secret Life of Walter Mitty
2298,Horton Hears a Who!
2299,Terribly Happy
2300,The Truman Show
2301,This Is England
2302,It Doesn't Hurt Me
2303,Happy Weekend
2304,Papillon
2305,Robin Hood: Prince of Thieves
2306,Hot Pursuit
2307,Evangelion: 2.0 You Can (Not) Advance
2308,Losin' It
2309,The Rapture
2310,A Clockwork Orange
2311,Max & Leon
2312,Baby Mama
2313,Capturing the Friedmans
2314,The Iron Lady
2315,The Congress
2316,Wish I Was Here
2317,The Great Outdoors
2318,The Fisher King
2319,"Hello, Dolly!"
2320,The To Do List
2321,ATL
2322,Titanic
2323,Transformers: Dark of the Moon
2324,L'Âge d'Or
2325,The Three Musketeers
2326,Cold Mountain
2327,Deadpool
2328,Beetlejuice
2329,Alex Cross
2330,Late Autumn
2331,We Are What We Are
2332,My Week with Marilyn
2333,She's Funny That Way
2334,You Only Live Twice
2335,Kung Fu Dunk
2336,Elevator to the Gallows
2337,Smokey and the Bandit II
2338,Something Wild
2339,Fight Club
2340,Cinderfella
2341,The Frighteners
2342,Urban Legend
2343,Recep İvedik
2344,Desert Hearts
2345,Flyboys
2346,How to Eat Fried Worms
2347,The Longest Day
2348,Hidden Figures
2349,Gardens of Stone
2350,The Exorcist
2351,Accepted
2352,Indiana Jones and the Temple of Doom
2353,Earthquake
2354,Jodhaa Akbar
2355,Johnson Family Vacation
2356,American History X
2357,Hudson Hawk
2358,Man of Steel
2359,The Minus Man
2360,A Fine Mess
2361,Neruda
2362,Knockaround Guys
2363,Touchy Feely
2364,Jack
2365,Into the Storm
2366,Labyrinth of Lies
2367,Shaun the Sheep Movie
2368,Internal Affairs
2369,Rigor Mortis
2370,Dreamgirls
2371,Wrath of the Titans
2372,House Calls
2373,Julie & Julia
2374,About Time
2375,Hatchet II
2376,Norbit
2377,Jaane Tu... Ya Jaane Na
2378,Michael Clayton
2379,Faithful
2380,Van Wilder 2: The Rise of Taj
2381,Secretary
2382,Steve Jobs: The Man in the Machine
2383,Another Year
2384,Borsalino
2385,Yolngu Boy
2386,Innerspace
2387,Thunderbolt and Lightfoot
2388,Ice Age: Dawn of the Dinosaurs
2389,My Sister's Keeper
2390,The End of Evangelion
2391,Khatta Meetha
2392,Thunderball
2393,The Twilight Samurai
2394,Edward II
2395,Spy Kids
2396,Dheepan
2397,Eat Pray Love
2398,Ransom
2399,Labor Day
2400,Kaiji 2: The Ultimate Gambler
2401,Happy Accidents
2402,Junior
2403,Starsky & Hutch
2404,The Bonfire of the Vanities
2405,The Town
2406,About Cherry
2407,Moonlight
2408,The Night We Never Met
2409,Run
2410,Men of Honor
2411,Fired Up!
2412,Interview with the Vampire
2413,Red Dawn
2414,Bliss
2415,The Electric Horseman
2416,Benny & Joon
2417,Knock Knock
2418,Willy Wonka & the Chocolate Factory
2419,Species
2420,Evita
2421,S. Darko
2422,Monsieur Ibrahim
2423,The Sting II
2424,Amarkalam
2425,Deep Blue Sea
2426,Police Academy 4: Citizens on Patrol
2427,Overdose
2428,Joshua
2429,That Thing You Do!
2430,Tuck Everlasting
2431,55 Days at Peking
2432,The Conjuring 2
2433,10 Items or Less
2434,Black Sheep
2435,Results
2436,The Legend I
2437,Dear Zindagi
2438,The Perfect Storm
2439,Hannah and Her Sisters
2440,Blood Work
2441,Lucky Number Slevin
2442,Night of the Comet
2443,Race to Witch Mountain
2444,The Twilight Saga: Eclipse
2445,The Pirates of Penzance
2446,Alien Nation
2447,Moby Dick
2448,Juno
2449,15 Minutes
2450,Bounce
2451,Ace in the Hole
2452,Dom Hemingway
2453,Dolphin Tale
2454,A Dirty Shame
2455,The Internship
2456,Ted
2457,Bee Season
2458,To the Wonder
2459,Before I Wake
2460,Epic
2461,The Constant Gardener
2462,Happy Times
2463,Midnight Special
2464,The Measure of a Man
2465,Dances with Wolves
2466,Take Me Home Tonight
2467,Aloha
2468,Peggy Sue Got Married
2469,The Arrival
2470,Collateral Damage
2471,More American Graffiti
2472,Ghosts of Mars
2473,The Good Dinosaur
2474,May
2475,Tiny Times
2476,Penguins of Madagascar
2477,Ace Ventura: When Nature Calls
2478,Blaze
2479,The Men Who Stare at Goats
2480,A Civil Action
2481,Cocktail
2482,The Next Three Days
2483,Elektra
2484,The Internet's Own Boy: The Story of Aaron Swartz
2485,Once Upon a Time in China II
2486,Noah
2487,Speed Racer
2488,Scarlet Street
2489,Zombieland
2490,Diary of a Wimpy Kid: The Long Haul
2491,Never Talk to Strangers
2492,Logan
2493,Home Run
2494,The Station Agent
2495,Blank City
2496,Wings of Desire
2497,Below
2498,Donnie Brasco
2499,Hooked on the Game 2. The Next Level
2500,Legends of the Fall
2501,My Soul to Take
2502,Hyde Park on Hudson
2503,Friday
2504,National Lampoon’s European Vacation
2505,Loverboy
2506,We Are from the Future 2
2507,The Ides of March
2508,Harsh Times
2509,Pina
2510,Wild Target
2511,The Hijack That Went South
2512,Howards End
2513,Bride of Chucky
2514,Blow Out
2515,The Equalizer
2516,Clouds of Sils Maria
2517,Their Finest
2518,Asterix at the Olympic Games
2519,You Don't Mess with the Zohan
2520,Heavy Traffic
2521,King Kong
2522,Always
2523,Evil Dead II
2524,The Keep
2525,Sex and Zen
2526,Solaris
2527,The Outsiders
2528,Boyhood
2529,The Cowboys
2530,Waterloo
2531,The Kingdom
2532,Prêt-à-Porter
2533,The Hobbit: An Unexpected Journey
2534,The Rocket: The Legend of Rocket Richard
2535,Domestic Disturbance
2536,Public Enemies
2537,The Eiger Sanction
2538,Collide
2539,Josh
2540,Repo! The Genetic Opera
2541,Pieta
2542,This Is 40
2543,The Kids Are All Right
2544,D.O.A.
2545,Basic
2546,Patriots Day
2547,Star Trek III: The Search for Spock
2548,I Am Legend
2549,Magnum Force
2550,Mysterious Skin
2551,Get on Up
2552,The Glass House
2553,Space Jam
2554,The Gun in Betty Lou's Handbag
2555,Quai des Orfèvres
2556,G
2557,Big Time
2558,Bound
2559,9
2560,Day Watch
2561,She's Out of Control
2562,Punch-Drunk Love
2563,Finding Dory
2564,Kabhi Alvida Naa Kehna
2565,Walk Hard: The Dewey Cox Story
2566,He Got Game
2567,The Wackness
2568,Gabbar Is Back
2569,The Beastmaster
2570,Off Limits
2571,The Polar Express
2572,Boulevard
2573,Mojin: The Lost Legend
2574,Ringu
2575,Straw Dogs
2576,Louis C.K.: Live at the Beacon Theater
2577,Waste Land
2578,"The Life and Death of 9413, a Hollywood Extra"
2579,Rope
2580,Boogeyman
2581,Lost River
2582,The November Man
2583,Kops
2584,Superbabies: Baby Geniuses 2
2585,Airport 1975
2586,The Art of Getting By
2587,A Shot in the Dark
2588,Gridiron Gang
2589,"Lock, Stock and Two Smoking Barrels"
2590,Guess Who
2591,Requiem for the American Dream
2592,Blast from the Past
2593,Hell & Back
2594,Son of the Pink Panther
2595,The Notebook
2596,Barbershop
2597,"Come Back to the 5 & Dime, Jimmy Dean, Jimmy Dean"
2598,54
2599,The Missionary
2600,Enemy of the State
2601,Love at First Fight
2602,Mr. Holland's Opus
2603,Jack Goes Boating
2604,Alien: Resurrection
2605,Judy Moody and the Not Bummer Summer
2606,Under Suspicion
2607,Analyze This
2608,Hood of Horror
2609,Quills
2610,Brick
2611,The Tiger: An Old Hunter's Tale
2612,Field of Dreams
2613,Unknown
2614,"Mystery, Alaska"
2615,The One
2616,Zelig
2617,Throw Momma from the Train
2618,The Passion of the Christ
2619,Black Swan
2620,Middle School: The Worst Years of My Life
2621,Spice World
2622,The Last Starfighter
2623,Millennium Actress
2624,Valerian and the City of a Thousand Planets
2625,Get Out
2626,The Club
2627,Doom
2628,Unfriended
2629,"4 Months, 3 Weeks and 2 Days"
2630,Homeward Bound II: Lost in San Francisco
2631,Dope
2632,Cloud Atlas
2633,Red Planet
2634,Halloween: Resurrection
2635,Shaolin Temple 2: Kids from Shaolin
2636,The First Power
2637,Legion
2638,Men Cry Bullets
2639,22 Jump Street
2640,The Dilemma
2641,Top Five
2642,Mystery Date
2643,Killers
2644,Nim's Island
2645,Starship Troopers
2646,My Old Classmate
2647,Kenny
2648,Mission: Impossible - Ghost Protocol
2649,This Means War
2650,Shalako
2651,Stargate: The Ark of Truth
2652,Operation Petticoat
2653,The Great Dictator
2654,La Bamba
2655,Taxi 2
2656,Head On
2657,The Impossible
2658,Dick
2659,The Morning After
2660,The Last Dragon
2661,The Lord of the Rings
2662,Tammy
2663,Kadhal Kottai
2664,Paul Blart: Mall Cop 2
2665,Pay It Forward
2666,Ruthless People
2667,The Tree of Life
2668,The Whole Nine Yards
2669,Lights Out
2670,Pocahontas
2671,Ceremony
2672,A Chorus Line
2673,The New World
2674,The Sacrifice
2675,The Rover
2676,Bitter Moon
2677,The Invincible Iron Man
2678,La Dolce Vita
2679,A Price Above Rubies
2680,Warrior
2681,Sparrows
2682,Death Wish 5: The Face of Death
2683,"One, Two, Three"
2684,Pet Sematary
2685,Thief
2686,Pet Sematary II
2687,Lift
2688,Subway
2689,The Raid 2
2690,What Dreams May Come
2691,Takers
2692,The Little Vampire
2693,Falling Down
2694,Fireproof
2695,The Muppet Movie
2696,Nurse 3-D
2697,Desperately Seeking Susan
2698,Battle Beyond the Stars
2699,Smoke & Mirrors
2700,The Return of Swamp Thing
2701,The Young Victoria
2702,The Amateur
2703,Take the Lead
2704,Drop Dead Gorgeous
2705,No Holds Barred
2706,Virgin Territory
2707,Fred Claus
2708,Max Keeble's Big Move
2709,Panther
2710,The Scorpion King
2711,Thor: Tales of Asgard
2712,Vishwaroopam
2713,The Thirteenth Floor
2714,Annie
2715,Dead & Buried
2716,The Sweetest Thing
2717,A.P.E.X.
2718,The Secret of My Success
2719,Spooks: The Greater Good
2720,Ben-Hur
2721,Fletch Lives
2722,There Goes My Baby
2723,Mean Creek
2724,Cats Don't Dance
2725,The Last House on the Left
2726,Pure
2727,The Producers
2728,Kill List
2729,Colegas
2730,The Boss Baby
2731,The Piano
2732,Scary Movie
2733,Meet the Applegates
2734,The Preacher's Wife
2735,Paul
2736,Rock-A-Doodle
2737,Extraction
2738,Spectre
2739,Atlantis: The Lost Empire
2740,The Incredibles
2741,The Magnificent Seven
2742,Sukiyaki Western Django
2743,Kung Fu Hustle
2744,Out of Time
2745,The Informant!
2746,Blow Dry
2747,The Island of Dr. Moreau
2748,Betty Blue
2749,Rambo III
2750,The Wall
2751,Oldboy
2752,Mr. Holmes
2753,Barfly
2754,Rounders
2755,The Clan
2756,Renaissance Man
2757,The Hours
2758,Compliance
2759,Miranda
2760,The Saint of Gamblers
2761,Mulan: Rise of a Warrior
2762,"Police, Adjective"
2763,The Chamber
2764,The Musketeer
2765,Zid
2766,Cinema Paradiso
2767,Chocolat
2768,Saw: The Final Chapter
2769,Burn
2770,The Fourth Kind
2771,Avengers: Age of Ultron
2772,Flight of the Navigator
2773,Child 44
2774,The Siege
2775,Mighty Aphrodite
2776,"Peace, Love & Misunderstanding"
2777,Hackers
2778,The Phantom
2779,The Longest Yard
2780,Cellular
2781,Sudden Death
2782,"Blood, Guts, Bullets and Octane"
2783,Out of Sight
2784,John Q
2785,Excalibur
2786,Revelation
2787,Bellflower
2788,The Book of Eli
2789,Gwendoline
2790,The Bag Man
2791,Music and Lyrics
2792,Let's Go to Prison
2793,Windtalkers
2794,Ted 2
2795,The DUFF
2796,The Visual Bible: The Gospel of John
2797,The Princess of Montpensier
2798,The Misfits
2799,Joshua
2800,Wall Street: Money Never Sleeps
2801,Fracture
2802,Diary of a Hitman
2803,Harry Potter and the Chamber of Secrets
2804,The Crocodile Hunter: Collision Course
2805,El Mariachi
2806,Showdown in Little Tokyo
2807,Sky High
2808,Fanaa
2809,Ferris Bueller's Day Off
2810,The Swan Princess
2811,Every Thing Will Be Fine
2812,Nothing But the Truth
2813,White God
2814,The Dressmaker
2815,Two Moon Junction
2816,Pain & Gain
2817,Tadpole
2818,Strange Wilderness
2819,We're Back! A Dinosaur's Story
2820,The Ex
2821,Villan
2822,Friday the 13th Part 2
2823,Mr. Brooks
2824,Miral
2825,Miracle on 34th Street
2826,Conan the Destroyer
2827,Kids
2828,Air Bud: Golden Receiver
2829,Bajirao Mastani
2830,Mutant Chronicles
2831,American Buffalo
2832,Best Defense
2833,The Queen
2834,Scrooged
2835,Something's Gotta Give
2836,Our Family Wedding
2837,The Perfect Game
2838,Magic in the Moonlight
2839,The Beguiled
2840,The Mask of Zorro
2841,Hector and the Search for Happiness
2842,Another 48 Hrs.
2843,The Matador
2844,The Mortal Instruments: City of Bones
2845,Against the Ropes
2846,Who Is Harry Nilsson (And Why Is Everybody Talkin' About Him?)
2847,Robots
2848,'71
2849,Jersey Boys
2850,Hipsters
2851,Tinker Bell and the Pirate Fairy
2852,Enemy Mine
2853,Goon
2854,Bad Boys
2855,Trapped in Paradise
2856,Following
2857,The Tale of the Princess Kaguya
2858,Madras Cafe
2859,Cars
2860,Singham
2861,Gandhi
2862,The Cable Guy
2863,Pro Lyuboff
2864,Play It to the Bone
2865,The Goalie's Anxiety at the Penalty Kick
2866,Tutto tutto niente niente
2867,National Treasure: Book of Secrets
2868,Halo Legends
2869,10th & Wolf
2870,St. Vincent
2871,The Italian Job
2872,Antwone Fisher
2873,Katyn
2874,Camille Claudel 1915
2875,Nice Guy Johnny
2876,Pontypool
2877,Extreme Measures
2878,Amadeus
2879,Beneath the Planet of the Apes
2880,The Bells of St. Mary's
2881,White House Down
2882,Bridge of Spies
2883,Where the Buffalo Roam
2884,The X Files: I Want to Believe
2885,Private Resort
2886,13 Minutes
2887,Iraq in Fragments
2888,Joy Ride
2889,The Caine Mutiny
2890,Manhattan
2891,Rings
2892,The Thing
2893,Mona Lisa
2894,Animal House
2895,Jack & Sarah
2896,The Score
2897,Frank
2898,Rock Star
2899,Patriot Games
2900,Dinosaur
2901,Rita's Last Fairy Tale
2902,Backdraft
2903,V/H/S/2
2904,A Mighty Heart
2905,Trainspotting
2906,Prefontaine
2907,Sleepless in Seattle
2908,Cobra
2909,The Chase
2910,Florence Foster Jenkins
2911,Ninotchka
2912,Exorcist: The Beginning
2913,Burnt by the Sun
2914,Deathwatch
2915,Keeping Up with the Joneses
2916,Hannibal
2917,The Bad Lieutenant: Port of Call - New Orleans
2918,Beaches
2919,The Big Town
2920,Hillary's America: The Secret History of the Democratic Party
2921,Secret Society
2922,The Care Bears Adventure in Wonderland
2923,The Clearing
2924,Raw Deal
2925,The Salesman
2926,Paranormal Activity 4
2927,Balls of Fury
2928,Die Another Day
2929,Music Box
2930,Team America: World Police
2931,The Princess Bride
2932,Titan A.E.
2933,The Sand Pebbles
2934,Random Hearts
2935,Diary of a Wimpy Kid: Dog Days
2936,The Stepford Wives
2937,First Love
2938,Mother's Day
2939,Prometheus
2940,Trust
2941,The Goodbye Girl
2942,Trapped
2943,The Bullet Vanishes
2944,James and the Giant Peach
2945,Apocalypse Now
2946,Tom Jones
2947,My Best Girl
2948,Split Image
2949,Grimsby
2950,Butterfly
2951,Freddy vs. Jason
2952,Eye in the Sky
2953,The Age of Adaline
2954,The Way of the Gun
2955,Alfie
2956,Brooklyn's Finest
2957,Firewalker
2958,Money Train
2959,U2 3D
2960,Jab We Met
2961,4.3.2.1
2962,Porky's
2963,The Shack
2964,Sky Of Love
2965,Powaqqatsi
2966,Les Misérables
2967,Spawn
2968,The Hustler
2969,BloodRayne
2970,Gosford Park
2971,The Bodyguard
2972,Mr. Destiny
2973,Dragon Tiger Gate
2974,My Science Project
2975,Alone in the Dark
2976,Aliens in the Attic
2977,Drowning Mona
2978,Angel Eyes
2979,Velvet Goldmine
2980,The Back-Up Plan
2981,Action Hero Biju
2982,Other People
2983,Smashed
2984,Anna Karenina
2985,S.W.A.T.
2986,Freedomland
2987,Paparazzi
2988,The Terror Within
2989,Ten
2990,The Trumpet Of The Swan
2991,B.A.P.S.
2992,Save the Last Dance
2993,The Thief of Bagdad
2994,The Terminal
2995,School Ties
2996,Chasers
2997,We Are the Best!
2998,The Long Kiss Goodnight
2999,Along Came Polly
3000,Abduction
